,No obstacles,Too many routines,Complicated,No appropriate one,Nobody to ask,Dislike API,other
overall(803),41.344956413449566,21.046077210460773,14.32129514321295,13.698630136986301,10.336239103362391,8.468244084682441,13.823163138231632
Europe:France(118),45.76271186440678,18.64406779661017,12.711864406779661,12.711864406779661,5.932203389830509,9.322033898305085,16.94915254237288
Europe:Germany(149),41.61073825503356,19.463087248322147,13.422818791946309,6.0402684563758395,10.738255033557047,10.06711409395973,18.120805369127517
Europe:Italy(54),40.74074074074074,22.22222222222222,9.25925925925926,14.814814814814813,12.962962962962962,7.4074074074074066,11.11111111111111
Europe:UK(62),41.935483870967744,25.806451612903224,16.129032258064516,4.838709677419355,16.129032258064516,6.451612903225806,20.967741935483872
Europe:others(131),42.74809160305343,20.610687022900763,12.213740458015266,16.030534351145036,8.396946564885496,9.923664122137405,12.977099236641221
Japan(63),31.746031746031743,36.507936507936506,22.22222222222222,19.047619047619047,1.5873015873015872,4.761904761904762,6.349206349206349
Russia(92),48.91304347826087,13.043478260869565,10.869565217391305,13.043478260869565,16.304347826086957,6.521739130434782,8.695652173913043
USA(54),46.2962962962963,22.22222222222222,7.4074074074074066,12.962962962962962,7.4074074074074066,12.962962962962962,16.666666666666664
