,Very important,Versioned API,New API for performance,New API for easier-to-use,No idea,other
"overall
(826)",36.803874092009686,22.518159806295397,15.375302663438257,15.012106537530268,8.958837772397095,1.331719128329298
"Europe:France
(122)",31.147540983606557,25.40983606557377,18.0327868852459,15.573770491803279,9.01639344262295,0.819672131147541
"Europe:Germany
(154)",33.116883116883116,31.16883116883117,13.636363636363635,12.337662337662337,7.792207792207792,1.948051948051948
"Europe:Italy
(55)",45.45454545454545,20.0,12.727272727272727,20.0,1.8181818181818181,0.0
"Europe:UK
(65)",30.76923076923077,26.153846153846157,7.6923076923076925,24.615384615384617,7.6923076923076925,3.076923076923077
"Europe:others
(140)",34.285714285714285,19.28571428571429,20.714285714285715,12.142857142857142,10.714285714285714,2.857142857142857
"Japan
(64)",39.0625,26.5625,6.25,21.875,6.25,0.0
"Russia
(90)",35.55555555555556,18.88888888888889,14.444444444444443,14.444444444444443,15.555555555555555,1.1111111111111112
"USA
(57)",42.10526315789473,22.807017543859647,15.789473684210526,14.035087719298245,5.263157894736842,0.0
