,C(++),Py,>=F90,<F90,Java,other
overall(850),78.23529411764706,50.94117647058823,43.88235294117647,16.35294117647059,5.529411764705882,8.235294117647058
Europe:France(125),76.8,52.800000000000004,49.6,13.600000000000001,4.0,6.4
Europe:Germany(159),77.9874213836478,55.9748427672956,43.39622641509434,15.723270440251572,1.8867924528301887,6.918238993710692
Europe:Italy(57),68.42105263157895,52.63157894736842,49.122807017543856,15.789473684210526,1.7543859649122806,5.263157894736842
Europe:UK(67),77.61194029850746,47.76119402985074,65.67164179104478,22.388059701492537,16.417910447761194,8.955223880597014
Europe:others(144),75.0,59.72222222222222,45.83333333333333,10.416666666666668,3.4722222222222223,9.722222222222223
Japan(64),84.375,40.625,39.0625,17.1875,4.6875,6.25
Russia(94),87.2340425531915,43.61702127659575,28.723404255319153,19.148936170212767,8.51063829787234,8.51063829787234
USA(58),81.03448275862068,44.827586206896555,39.6551724137931,22.413793103448278,3.4482758620689653,18.96551724137931
