,Num-App/Lib,Lang,OS/R,Tool,Big data,Visulization,AI,Worlflow,Image Proc,other
overall(848),72.05188679245283,19.45754716981132,18.278301886792452,14.976415094339623,10.25943396226415,9.080188679245282,7.783018867924528,5.89622641509434,5.070754716981132,8.254716981132075
Europe:France(125),74.4,20.0,20.8,14.399999999999999,8.799999999999999,8.799999999999999,4.0,5.6000000000000005,1.6,6.4
Europe:Germany(158),79.11392405063292,12.025316455696203,13.291139240506327,22.151898734177212,7.59493670886076,12.025316455696203,3.1645569620253164,5.063291139240507,3.1645569620253164,6.962025316455696
Europe:Italy(57),78.94736842105263,22.807017543859647,7.017543859649122,5.263157894736842,12.280701754385964,5.263157894736842,12.280701754385964,3.508771929824561,8.771929824561402,8.771929824561402
Europe:UK(67),88.05970149253731,10.44776119402985,13.432835820895523,20.8955223880597,11.940298507462686,11.940298507462686,1.4925373134328357,7.462686567164178,1.4925373134328357,11.940298507462686
Europe:others(143),76.22377622377621,20.97902097902098,8.391608391608392,13.986013986013987,8.391608391608392,14.685314685314685,8.391608391608392,11.188811188811188,8.391608391608392,9.79020979020979
Japan(64),53.125,32.8125,35.9375,17.1875,6.25,1.5625,12.5,4.6875,4.6875,9.375
Russia(94),70.2127659574468,13.829787234042554,17.02127659574468,11.702127659574469,15.957446808510639,9.574468085106384,8.51063829787234,3.1914893617021276,6.382978723404255,9.574468085106384
USA(58),62.06896551724138,20.689655172413794,41.37931034482759,10.344827586206897,12.068965517241379,1.7241379310344827,13.793103448275861,5.172413793103448,1.7241379310344827,3.4482758620689653
