,Apps,Tuning,Paralelize,Tools,Debug,OS/R,other
overall(847),68.35891381345927,30.460448642266826,27.98110979929162,26.210153482880756,15.938606847697756,14.87603305785124,7.201889020070838
Europe:France(125),70.39999999999999,28.799999999999997,26.400000000000002,25.6,20.8,14.399999999999999,6.4
Europe:Germany(159),69.81132075471697,32.70440251572327,27.67295597484277,35.22012578616352,16.9811320754717,8.176100628930817,7.547169811320755
Europe:Italy(56),67.85714285714286,28.57142857142857,32.142857142857146,19.642857142857142,12.5,3.571428571428571,8.928571428571429
Europe:UK(66),63.63636363636363,56.060606060606055,43.93939393939394,39.39393939393939,21.21212121212121,13.636363636363635,9.090909090909092
Europe:others(144),75.69444444444444,27.083333333333332,26.38888888888889,23.61111111111111,13.88888888888889,7.638888888888889,9.027777777777777
Japan(64),46.875,26.5625,20.3125,17.1875,6.25,39.0625,6.25
Russia(93),74.19354838709677,20.43010752688172,31.182795698924732,22.58064516129032,10.75268817204301,11.827956989247312,6.451612903225806
USA(57),54.385964912280706,29.82456140350877,17.543859649122805,33.33333333333333,21.052631578947366,35.08771929824561,5.263157894736842
