,All,Mostly,Partly,Wish,No
"overall
(767)",3.5202086049543677,12.1251629726206,58.93089960886571,12.1251629726206,13.298565840938723
"Europe:France
(115)",0.0,11.304347826086957,52.17391304347826,16.52173913043478,20.0
"Europe:Germany
(143)",2.097902097902098,18.181818181818183,67.83216783216784,3.4965034965034967,8.391608391608392
"Europe:Italy
(56)",1.7857142857142856,7.142857142857142,57.14285714285714,21.428571428571427,12.5
"Europe:UK
(63)",12.698412698412698,3.1746031746031744,53.96825396825397,6.349206349206349,23.809523809523807
"Europe:others
(131)",2.2900763358778624,13.740458015267176,54.961832061068705,12.213740458015266,16.793893129770993
"Japan
(54)",3.7037037037037033,9.25925925925926,57.407407407407405,20.37037037037037,9.25925925925926
"Russia
(79)",2.5316455696202533,13.924050632911392,64.55696202531645,12.658227848101266,6.329113924050633
"USA
(55)",9.090909090909092,14.545454545454545,60.0,7.2727272727272725,9.090909090909092
